Produk,Ulasan,Bintang
Boura Perfume - Ellinika Doors 50ml | Eau de Parfum,"Kualitas produk: Suka dg wanginya, ....sdh berapa kali beli...tls BOura",5
Boura Perfume - Noisy Bathroom 30 ml | Unisex Perfume,"Beli buat hadiah istri, orderan direspon cepet, packaging rapi dikasih bubble yang bikin aman bgt. Desain box bagus, botol cantik. Wanginya enak, kebetulan di kulit istri...",5
Boura Perfume - Noisy Bathroom 50 ml | Eau de Parfum,Wanginya enak,5
Boura Perfume - Living Montage 50ml | Eau de Parfum,"udah pembelian kedua, wanginya unik dan enak",5
Boura Perfume - Noisy Bathroom 30 ml | Unisex Perfume,Suka bgt harummmm awet seger,5
Boura Perfume - Noisy Bathroom 30 ml | Unisex Perfume,Order ke dua. Varian pertama Noisy Bathroom...Sekarang yg Living Montage. Besok order lagi yg lain deh...,5
Boura Perfume - Noisy Bathroom 30 ml | Unisex Perfume,Kualitas produk: Ok bangt.,5
Boura Perfume - Ellinika Doors 30ml | Unisex Perfume,Baru coba yang wangi varian ini dan wanginya lembut banget,5
Boura Perfume - Noisy Bathroom 30 ml | Unisex Perfume,"Wangi semerbak , kalau habis bakal beli lagi
Kualitas produk: Sangat baik",5
Boura Perfume - Noisy Bathroom 50 ml | Eau de Parfum,wanginya approve bgtt💯,5
Boura Perfume - Noisy Bathroom 50 ml | Eau de Parfum,"Baru kali ini beli parfum yang packingnya super aman. Sudah di coba keharumannya..OK.
Tinggal di test berapa lama tahannya",5
Boura Perfume - Flora Notes 50ml | Unisex Perfume,wangi nya enak bangt,5
Boura Perfume - Noisy Bathroom 30 ml | Unisex Perfume,Enak bangeet wanginya asli,5
